device_category,duration,bytes,bytes_A,bytes_B,bytes_A_B_ratio,is_ssl,is_http,is_g_http,is_cdn_http,is_ad_http,suffix_is_unresolved,domain_is_unresolved,tcp_analysis_retransmission,tcp_analysis_lost_segment,ssl_count_certificates,ssl_count_transactions
baby_monitor,1.9156,14698,7814,6884,1.1350957096026,1,0,0,0,0,0,0,1,0,2,1
baby_monitor,2.002,14698,7814,6884,1.1350957096026,1,0,0,0,0,0,0,1,0,2,1
baby_monitor,2.1833,14762,7814,6948,1.12464002236039,1,0,0,0,0,0,0,3,0,2,1
baby_monitor,2.1521,14762,7814,6948,1.12464002236039,1,0,0,0,0,0,0,1,0,2,1
baby_monitor,2.2422,14862,7994,6868,1.16394857834179,1,0,0,0,0,0,0,3,0,2,1
baby_monitor,2.6469,14818,7934,6884,1.15252743281124,1,0,0,0,0,0,0,1,0,2,1
baby_monitor,0.2437,208,74,134,0.552234684815785,0,0,0,0,0,0,0,0,0,0,0
baby_monitor,1.9104,14714,7814,6900,1.13246360399078,1,0,0,0,0,0,0,3,0,2,1
baby_monitor,2.0504,14894,7994,6900,1.1585505567318,1,0,0,0,0,0,0,1,0,2,1
baby_monitor,1.9449,14730,7814,6916,1.12984367700352,1,0,0,0,0,0,0,3,0,2,1
baby_monitor,2.2741,14714,7814,6900,1.13246360399078,1,0,0,0,0,0,0,1,0,2,1
baby_monitor,1.9103,16415,14133,2282,6.19324881978579,1,0,0,0,0,0,0,0,0,4,1
baby_monitor,2.1768,14762,7814,6948,1.12464002236039,1,0,0,0,0,0,0,3,0,2,1
baby_monitor,1.9981,14698,7814,6884,1.1350957096026,1,0,0,0,0,0,0,1,0,2,1
baby_monitor,2.0067,14834,7934,6900,1.14985490581813,1,0,0,0,0,0,0,3,0,2,1
baby_monitor,1.8361,16394,14112,2282,6.18404636983069,1,0,0,0,0,0,0,0,0,4,1
baby_monitor,2.1318,14714,7814,6900,1.13246360399078,1,0,0,0,0,0,0,1,0,2,1
baby_monitor,2.0434,14810,7814,6996,1.11692379689483,1,0,0,0,0,0,0,2,0,2,1
baby_monitor,2.232,14730,7814,6916,1.12984367700352,1,0,0,0,0,0,0,3,0,2,1
baby_monitor,0.293,208,74,134,0.552234684815785,0,0,0,0,0,0,0,0,0,0,0
baby_monitor,1.9348,14714,7814,6900,1.13246360399078,1,0,0,0,0,0,0,1,0,2,1
baby_monitor,1.9671,14794,7814,6980,1.11948408030314,1,0,0,0,0,0,0,3,0,2,1
baby_monitor,1.799,16378,14096,2282,6.1770349793887,1,0,0,0,0,0,0,0,0,4,1
baby_monitor,2.7265,16415,14133,2282,6.19324881978579,1,0,0,0,0,0,0,0,0,4,1
baby_monitor,1.9932,14746,7814,6932,1.12723584431104,1,0,0,0,0,0,0,1,0,2,1
baby_monitor,2.1141,14778,7814,6964,1.12205612836644,1,0,0,0,0,0,0,1,0,2,1
baby_monitor,2.2029,9098,7048,2050,3.43804710339166,1,0,0,0,0,0,0,0,0,4,1
baby_monitor,2.3657,14746,7814,6932,1.12723584431104,1,0,0,0,0,0,0,1,0,2,1
baby_monitor,2.0253,14730,7814,6916,1.12984367700352,1,0,0,0,0,0,0,3,0,2,1
baby_monitor,0.234,208,74,134,0.552234684815785,0,0,0,0,0,0,0,0,0,0,0
baby_monitor,2.3431,14698,7814,6884,1.1350957096026,1,0,0,0,0,0,0,1,0,2,1
baby_monitor,0.249,208,74,134,0.552234684815785,0,0,0,0,0,0,0,0,0,0,0
baby_monitor,2.0858,14834,7934,6900,1.14985490581813,1,0,0,0,0,0,0,1,0,2,1
baby_monitor,2.1679,14666,7814,6852,1.14039679795727,1,0,0,0,0,0,0,3,0,2,1
baby_monitor,1.922,14666,7814,6852,1.14039679795727,1,0,0,0,0,0,0,3,0,2,1
baby_monitor,1.9472,14778,7814,6964,1.12205612836644,1,0,0,0,0,0,0,3,0,2,1
baby_monitor,2.0935,14682,7814,6868,1.13774007895456,1,0,0,0,0,0,0,1,0,2,1
baby_monitor,4.3125,14982,8054,6928,1.16252870055879,1,0,0,0,0,0,0,3,0,2,1
baby_monitor,1.9884,14746,7814,6932,1.12723584431104,1,0,0,0,0,0,0,1,0,2,1
baby_monitor,2.1234,14666,7814,6852,1.14039679795727,1,0,0,0,0,0,0,3,0,2,1
baby_monitor,0.2301,208,74,134,0.552234684815785,0,0,0,0,0,0,0,0,0,0,0
baby_monitor,2.0874,14794,7814,6980,1.11948408030314,1,0,0,0,0,0,0,3,0,2,1
baby_monitor,1.8589,16378,14096,2282,6.1770349793887,1,0,0,0,0,0,0,0,0,4,1
baby_monitor,1.9235,16415,14133,2282,6.19324881978579,1,0,0,0,0,0,0,0,0,4,1
baby_monitor,2.048,14746,7814,6932,1.12723584431104,1,0,0,0,0,0,0,1,0,2,1
baby_monitor,2.0233,14650,7814,6836,1.14306595332564,1,0,0,0,0,0,0,3,0,2,1
baby_monitor,2.1896,14698,7814,6884,1.1350957096026,1,0,0,0,0,0,0,3,0,2,1
baby_monitor,2.0952,14814,7994,6820,1.17214059059522,1,0,0,0,0,0,0,3,0,2,1
baby_monitor,0.2507,208,74,134,0.552234684815785,0,0,0,0,0,0,0,0,0,0,0
baby_monitor,2.0081,14746,7814,6932,1.12723584431104,1,0,0,0,0,0,0,1,0,2,1
baby_monitor,2.1449,14878,7994,6884,1.16124329441556,1,0,0,0,0,0,0,1,0,2,1
baby_monitor,5.1152,14730,7814,6916,1.12984367700352,1,0,0,0,0,0,0,1,0,2,1
baby_monitor,2.1124,14698,7814,6884,1.1350957096026,1,0,0,0,0,0,0,3,0,2,1
baby_monitor,0.2586,208,74,134,0.552234684815785,0,0,0,0,0,0,0,0,0,0,0
baby_monitor,2.0251,14910,7994,6916,1.15587027821425,1,0,0,0,0,0,0,1,0,2,1
baby_monitor,2.2289,14958,7994,6964,1.14790333889958,1,0,0,0,0,0,0,2,0,2,1
baby_monitor,2.0732,16367,14085,2282,6.17221464845984,1,0,0,0,0,0,0,0,0,4,1
baby_monitor,0.2472,208,74,134,0.552234684815785,0,0,0,0,0,0,0,0,0,0,0
baby_monitor,2.0954,14746,7814,6932,1.12723584431104,1,0,0,0,0,0,0,3,0,2,1
baby_monitor,2.1393,14698,7814,6884,1.1350957096026,1,0,0,0,0,0,0,1,0,2,1
baby_monitor,2.3567,14958,7994,6964,1.14790333889958,1,0,0,0,0,0,0,3,0,2,1
baby_monitor,2.2399,14714,7814,6900,1.13246360399078,1,0,0,0,0,0,0,3,0,2,1
baby_monitor,2.3472,14714,7814,6900,1.13246360399078,1,0,0,0,0,0,0,3,0,2,1
baby_monitor,2.0811,14714,7814,6900,1.13246360399078,1,0,0,0,0,0,0,1,0,2,1
baby_monitor,1.8575,16584,14236,2348,6.06302978576244,1,0,0,0,0,0,0,0,0,4,1
baby_monitor,2.2942,14698,7814,6884,1.1350957096026,1,0,0,0,0,0,0,3,0,2,1
baby_monitor,1.9161,14714,7814,6900,1.13246360399078,1,0,0,0,0,0,0,1,0,2,1
baby_monitor,2.1532,14714,7814,6900,1.13246360399078,1,0,0,0,0,0,0,1,0,2,1
baby_monitor,2.6027,14882,7934,6948,1.14191117704214,1,0,0,0,0,0,0,3,0,2,1
baby_monitor,2.0204,14746,7814,6932,1.12723584431104,1,0,0,0,0,0,0,1,0,2,1
baby_monitor,2.1974,14730,7814,6916,1.12984367700352,1,0,0,0,0,0,0,1,0,2,1
baby_monitor,2.0906,14762,7814,6948,1.12464002236039,1,0,0,0,0,0,0,1,0,2,1
baby_monitor,2.025,14730,7814,6916,1.12984367700352,1,0,0,0,0,0,0,1,0,2,1
baby_monitor,2.0013,14730,7814,6916,1.12984367700352,1,0,0,0,0,0,0,3,0,2,1
baby_monitor,0.2902,208,74,134,0.552234684815785,0,0,0,0,0,0,0,0,0,0,0
baby_monitor,2.0293,14650,7814,6836,1.14306595332564,1,0,0,0,0,0,0,1,0,2,1
baby_monitor,0.256,208,74,134,0.552234684815785,0,0,0,0,0,0,0,0,0,0,0
baby_monitor,2.2104,14698,7814,6884,1.1350957096026,1,0,0,0,0,0,0,3,0,2,1
baby_monitor,1.7775,16328,14046,2282,6.1551243842575,1,0,0,0,0,0,0,0,0,4,1
baby_monitor,1.9166,14634,7814,6820,1.14574763258832,1,0,0,0,0,0,0,3,0,2,1
baby_monitor,2.1422,15462,8354,7108,1.17529527640753,1,0,0,0,0,0,0,3,0,2,1
baby_monitor,1.8936,14794,7814,6980,1.11948408030314,1,0,0,0,0,0,0,3,0,2,1
baby_monitor,2.1108,14762,7814,6948,1.12464002236039,1,0,0,0,0,0,0,1,0,2,1
baby_monitor,2.9027,14698,7814,6884,1.1350957096026,1,0,0,0,0,0,0,2,0,2,1
baby_monitor,1.9426,14730,7814,6916,1.12984367700352,1,0,0,0,0,0,0,1,0,2,1
baby_monitor,2.1722,14818,7934,6884,1.15252743281124,1,0,0,0,0,0,0,1,0,2,1
baby_monitor,2.1192,14746,7814,6932,1.12723584431104,1,0,0,0,0,0,0,3,0,2,1
baby_monitor,2.0799,14682,7814,6868,1.13774007895456,1,0,0,0,0,0,0,3,0,2,1
baby_monitor,2.0115,14746,7814,6932,1.12723584431104,1,0,0,0,0,0,0,1,0,2,1
baby_monitor,2.1461,18350,15690,2660,5.89849402312255,1,0,0,0,0,0,0,1,1,4,1
baby_monitor,0.2286,208,74,134,0.552234684815785,0,0,0,0,0,0,0,0,0,0,0
baby_monitor,2.1576,14666,7814,6852,1.14039679795727,1,0,0,0,0,0,0,3,0,2,1
baby_monitor,0.2708,208,74,134,0.552234684815785,0,0,0,0,0,0,0,0,0,0,0
baby_monitor,2.589,14802,7934,6868,1.15521241187938,1,0,0,0,0,0,0,3,0,2,1
baby_monitor,2.1465,16328,14046,2282,6.1551243842575,1,0,0,0,0,0,0,0,0,4,1
baby_monitor,0.2484,208,74,134,0.552234684815785,0,0,0,0,0,0,0,0,0,0,0
baby_monitor,2.1508,14826,7814,7012,1.11437519760764,1,0,0,0,0,0,0,1,0,2,1
baby_monitor,1.9629,14650,7814,6836,1.14306595332564,1,0,0,0,0,0,0,1,0,2,1
baby_monitor,2.1747,14730,7814,6916,1.12984367700352,1,0,0,0,0,0,0,1,0,2,1
baby_monitor,1.8795,16312,14030,2282,6.14811299381551,1,0,0,0,0,0,0,0,0,4,1
lights,1.474,240,0,240,0.0,0,0,0,0,0,0,0,3,0,0,0
lights,1.4989,240,0,240,0.0,0,0,0,0,0,0,0,6,0,0,0
lights,1.5239,240,0,240,0.0,0,0,0,0,0,0,0,3,0,0,0
lights,1.449,240,0,240,0.0,0,0,0,0,0,0,0,6,0,0,0
lights,1.4986,240,0,240,0.0,0,0,0,0,0,0,0,3,0,0,0
lights,1.4988,240,0,240,0.0,0,0,0,0,0,0,0,3,0,0,0
lights,1.4995,240,0,240,0.0,0,0,0,0,0,0,0,3,0,0,0
lights,1.4988,240,0,240,0.0,0,0,0,0,0,0,0,3,0,0,0
lights,1.4989,240,0,240,0.0,0,0,0,0,0,0,0,3,0,0,0
lights,1.4991,240,0,240,0.0,0,0,0,0,0,0,0,6,0,0,0
lights,1.4972,240,0,240,0.0,0,0,0,0,0,0,0,6,0,0,0
lights,1.4954,240,0,240,0.0,0,0,0,0,0,0,0,3,0,0,0
lights,1.4989,240,0,240,0.0,0,0,0,0,0,0,0,3,0,0,0
lights,1.4964,240,0,240,0.0,0,0,0,0,0,0,0,3,0,0,0
lights,1.4991,240,0,240,0.0,0,0,0,0,0,0,0,9,0,0,0
lights,1.4493,240,0,240,0.0,0,0,0,0,0,0,0,3,0,0,0
lights,1.474,240,0,240,0.0,0,0,0,0,0,0,0,3,0,0,0
lights,1.498,240,0,240,0.0,0,0,0,0,0,0,0,3,0,0,0
lights,1.4009,240,0,240,0.0,0,0,0,0,0,0,0,6,0,0,0
lights,1.4705,240,0,240,0.0,0,0,0,0,0,0,0,3,0,0,0
lights,1.4488,240,0,240,0.0,0,0,0,0,0,0,0,3,0,0,0
lights,1.4989,240,0,240,0.0,0,0,0,0,0,0,0,3,0,0,0
lights,1.499,240,0,240,0.0,0,0,0,0,0,0,0,3,0,0,0
lights,1.474,240,0,240,0.0,0,0,0,0,0,0,0,3,0,0,0
lights,1.4989,240,0,240,0.0,0,0,0,0,0,0,0,3,0,0,0
lights,1.4987,240,0,240,0.0,0,0,0,0,0,0,0,3,0,0,0
lights,1.4989,240,0,240,0.0,0,0,0,0,0,0,0,3,0,0,0
lights,1.4977,240,0,240,0.0,0,0,0,0,0,0,0,3,0,0,0
lights,1.4969,240,0,240,0.0,0,0,0,0,0,0,0,3,0,0,0
lights,1.4989,240,0,240,0.0,0,0,0,0,0,0,0,6,0,0,0
lights,1.4991,240,0,240,0.0,0,0,0,0,0,0,0,3,0,0,0
lights,1.5138,240,0,240,0.0,0,0,0,0,0,0,0,3,0,0,0
lights,1.4634,240,0,240,0.0,0,0,0,0,0,0,0,3,0,0,0
lights,1.4989,240,0,240,0.0,0,0,0,0,0,0,0,6,0,0,0
lights,1.499,240,0,240,0.0,0,0,0,0,0,0,0,6,0,0,0
lights,1.4991,240,0,240,0.0,0,0,0,0,0,0,0,6,0,0,0
lights,1.4747,240,0,240,0.0,0,0,0,0,0,0,0,3,0,0,0
lights,1.4986,240,0,240,0.0,0,0,0,0,0,0,0,3,0,0,0
lights,1.5003,240,0,240,0.0,0,0,0,0,0,0,0,3,0,0,0
lights,1.4991,240,0,240,0.0,0,0,0,0,0,0,0,3,0,0,0
lights,1.5009,240,0,240,0.0,0,0,0,0,0,0,0,3,0,0,0
lights,1.507,240,0,240,0.0,0,0,0,0,0,0,0,3,0,0,0
lights,1.4983,240,0,240,0.0,0,0,0,0,0,0,0,3,0,0,0
lights,1.4988,240,0,240,0.0,0,0,0,0,0,0,0,3,0,0,0
lights,1.4987,240,0,240,0.0,0,0,0,0,0,0,0,6,0,0,0
lights,1.4989,240,0,240,0.0,0,0,0,0,0,0,0,3,0,0,0
lights,1.4738,240,0,240,0.0,0,0,0,0,0,0,0,3,0,0,0
lights,1.4989,240,0,240,0.0,0,0,0,0,0,0,0,3,0,0,0
lights,1.498,240,0,240,0.0,0,0,0,0,0,0,0,9,0,0,0
lights,1.498,240,0,240,0.0,0,0,0,0,0,0,0,3,0,0,0
lights,1.5188,240,0,240,0.0,0,0,0,0,0,0,0,3,0,0,0
lights,1.499,240,0,240,0.0,0,0,0,0,0,0,0,6,0,0,0
lights,1.4987,240,0,240,0.0,0,0,0,0,0,0,0,3,0,0,0
lights,1.4989,240,0,240,0.0,0,0,0,0,0,0,0,3,0,0,0
lights,1.4765,240,0,240,0.0,0,0,0,0,0,0,0,6,0,0,0
lights,1.499,240,0,240,0.0,0,0,0,0,0,0,0,3,0,0,0
lights,1.5047,240,0,240,0.0,0,0,0,0,0,0,0,6,0,0,0
lights,1.499,240,0,240,0.0,0,0,0,0,0,0,0,6,0,0,0
lights,1.5005,240,0,240,0.0,0,0,0,0,0,0,0,3,0,0,0
lights,1.4996,240,0,240,0.0,0,0,0,0,0,0,0,3,0,0,0
lights,1.499,240,0,240,0.0,0,0,0,0,0,0,0,3,0,0,0
lights,1.4732,240,0,240,0.0,0,0,0,0,0,0,0,3,0,0,0
lights,1.499,240,0,240,0.0,0,0,0,0,0,0,0,3,0,0,0
lights,1.4662,240,0,240,0.0,0,0,0,0,0,0,0,3,0,0,0
lights,1.3988,240,0,240,0.0,0,0,0,0,0,0,0,3,0,0,0
lights,1.4985,240,0,240,0.0,0,0,0,0,0,0,0,6,0,0,0
lights,1.499,240,0,240,0.0,0,0,0,0,0,0,0,6,0,0,0
lights,1.5112,240,0,240,0.0,0,0,0,0,0,0,0,3,0,0,0
lights,1.4991,240,0,240,0.0,0,0,0,0,0,0,0,3,0,0,0
lights,1.4713,240,0,240,0.0,0,0,0,0,0,0,0,3,0,0,0
lights,1.4989,240,0,240,0.0,0,0,0,0,0,0,0,3,0,0,0
lights,1.4988,240,0,240,0.0,0,0,0,0,0,0,0,3,0,0,0
lights,1.5239,240,0,240,0.0,0,0,0,0,0,0,0,3,0,0,0
lights,1.4963,240,0,240,0.0,0,0,0,0,0,0,0,3,0,0,0
lights,1.4989,240,0,240,0.0,0,0,0,0,0,0,0,6,0,0,0
lights,1.4992,240,0,240,0.0,0,0,0,0,0,0,0,3,0,0,0
lights,1.4989,240,0,240,0.0,0,0,0,0,0,0,0,9,0,0,0
lights,1.4243,240,0,240,0.0,0,0,0,0,0,0,0,3,0,0,0
lights,1.4989,240,0,240,0.0,0,0,0,0,0,0,0,3,0,0,0
lights,1.4989,240,0,240,0.0,0,0,0,0,0,0,0,3,0,0,0
lights,1.4954,240,0,240,0.0,0,0,0,0,0,0,0,3,0,0,0
lights,1.4991,240,0,240,0.0,0,0,0,0,0,0,0,6,0,0,0
lights,1.499,240,0,240,0.0,0,0,0,0,0,0,0,3,0,0,0
lights,1.5454,240,0,240,0.0,0,0,0,0,0,0,0,3,0,0,0
lights,1.4973,240,0,240,0.0,0,0,0,0,0,0,0,3,0,0,0
lights,1.4876,240,0,240,0.0,0,0,0,0,0,0,0,3,0,0,0
lights,1.4989,240,0,240,0.0,0,0,0,0,0,0,0,3,0,0,0
lights,1.4988,240,0,240,0.0,0,0,0,0,0,0,0,3,0,0,0
lights,1.4989,240,0,240,0.0,0,0,0,0,0,0,0,3,0,0,0
lights,1.499,240,0,240,0.0,0,0,0,0,0,0,0,3,0,0,0
lights,1.4949,240,0,240,0.0,0,0,0,0,0,0,0,3,0,0,0
lights,1.5078,240,0,240,0.0,0,0,0,0,0,0,0,3,0,0,0
lights,1.4993,240,0,240,0.0,0,0,0,0,0,0,0,3,0,0,0
lights,1.4987,240,0,240,0.0,0,0,0,0,0,0,0,3,0,0,0
lights,1.4991,240,0,240,0.0,0,0,0,0,0,0,0,6,0,0,0
lights,1.4971,240,0,240,0.0,0,0,0,0,0,0,0,3,0,0,0
lights,1.5241,240,0,240,0.0,0,0,0,0,0,0,0,3,0,0,0
lights,1.4859,240,0,240,0.0,0,0,0,0,0,0,0,3,0,0,0
lights,1.4987,240,0,240,0.0,0,0,0,0,0,0,0,3,0,0,0
lights,1.4991,240,0,240,0.0,0,0,0,0,0,0,0,3,0,0,0
motion_sensor,120.9956,2399,725,1674,0.433094125989172,1,0,0,0,0,0,0,9,1,0,1
motion_sensor,0.511,1309,593,716,0.828211133783333,0,1,0,0,0,0,0,0,0,0,0
motion_sensor,2.0023,1382,654,728,0.898350414353826,0,1,0,0,0,1,1,17,14,0,0
motion_sensor,0.6453,6367,4800,1567,3.06317609242113,1,0,0,0,0,0,0,0,0,3,1
motion_sensor,1.6283,1728,596,1132,0.526501301677295,0,1,0,0,0,0,0,2,0,0,0
motion_sensor,1.9469,1382,654,728,0.898350414353826,0,1,0,0,0,1,1,3,3,0,0
motion_sensor,1.8036,1382,654,728,0.898350414353826,0,1,0,0,0,1,1,1,1,0,0
motion_sensor,13883.7199,352200,176100,176100,0.999999994321408,0,0,0,0,0,0,0,0,1,0,0
motion_sensor,2.0566,1382,654,728,0.898350414353826,0,1,0,0,0,1,1,5,5,0,0
motion_sensor,0.6781,1428,476,952,0.499999474790468,0,1,0,0,0,0,0,0,0,0,0
motion_sensor,1.592,2439,1139,1300,0.876153172189868,1,0,0,0,0,0,0,1,0,0,1
motion_sensor,58344.3257,1482360,741180,741180,0.9999999986508,0,0,0,0,0,0,0,0,1,0,0
motion_sensor,394.405,11337,5525,5812,0.950619244559662,1,0,0,0,0,0,0,1,1,0,1
motion_sensor,20.9655,1979,785,1194,0.657453385717432,1,0,0,0,0,0,0,0,1,0,1
motion_sensor,1.2515,1801,953,848,1.12381942945822,0,1,0,0,0,1,1,9,7,0,0
motion_sensor,0.0332,120,60,60,0.999983333611106,0,0,0,0,0,0,0,0,0,0,0
motion_sensor,1.7177,1382,654,728,0.898350414353826,0,1,0,0,0,1,1,1,1,0,0
motion_sensor,2.0011,1382,654,728,0.898350414353826,0,1,0,0,0,1,1,9,7,0,0
motion_sensor,1.6406,1382,654,728,0.898350414353826,0,1,0,0,0,1,1,1,1,0,0
motion_sensor,1.7311,1382,654,728,0.898350414353826,0,1,0,0,0,1,1,5,5,0,0
motion_sensor,1.7574,1442,654,788,0.829948185344943,0,1,0,0,0,1,1,1,1,0,0
motion_sensor,1.1603,1428,476,952,0.499999474790468,0,1,0,0,0,0,0,0,0,0,0
motion_sensor,1.706,1382,654,728,0.898350414353826,0,1,0,0,0,1,1,5,4,0,0
motion_sensor,1.6329,1668,536,1132,0.473497814931259,0,1,0,0,0,0,0,1,0,0,0
motion_sensor,2.0572,1382,654,728,0.898350414353826,0,1,0,0,0,1,1,1,1,0,0
motion_sensor,1.7705,1382,654,728,0.898350414353826,0,1,0,0,0,1,1,1,1,0,0
motion_sensor,1.7464,1382,654,728,0.898350414353826,0,1,0,0,0,1,1,4,4,0,0
motion_sensor,1.6069,1428,476,952,0.499999474790468,0,1,0,0,0,0,0,0,0,0,0
motion_sensor,0.9257,1428,476,952,0.499999474790468,0,1,0,0,0,0,0,0,0,0,0
motion_sensor,1.7243,1382,654,728,0.898350414353826,0,1,0,0,0,1,1,2,2,0,0
motion_sensor,1.7018,1382,654,728,0.898350414353826,0,1,0,0,0,1,1,1,1,0,0
motion_sensor,1.1403,1681,893,788,1.13324729283338,0,1,0,0,0,1,1,4,4,0,0
motion_sensor,1.9179,1382,654,728,0.898350414353826,0,1,0,0,0,1,1,1,1,0,0
motion_sensor,1767.9848,44580,22260,22320,0.997311783274562,0,0,0,0,0,0,0,0,1,0,0
motion_sensor,1.5559,1482,931,551,1.68965210589454,0,1,0,0,0,0,0,0,0,0,0
motion_sensor,842.6327,22497,11225,11272,0.995830287807817,1,0,0,0,0,0,0,0,1,0,1
motion_sensor,23957.8298,610800,305400,305400,0.999999996725606,0,0,0,0,0,0,0,0,1,0,0
motion_sensor,2.6541,2050,774,1276,0.606582596722103,0,1,0,0,0,1,1,5,4,0,0
motion_sensor,1.1755,2328,1042,1286,0.81026375562694,1,0,0,0,0,0,0,0,0,0,1
motion_sensor,58400.8742,1482960,741480,741480,0.999999998651346,0,0,0,0,0,0,0,0,1,0,0
motion_sensor,0.6661,1428,476,952,0.499999474790468,0,1,0,0,0,0,0,0,0,0,0
motion_sensor,93.4606,4012,1730,2282,0.758106591539618,1,0,0,0,0,0,0,1,1,0,1
motion_sensor,1.6838,1382,654,728,0.898350414353826,0,1,0,0,0,1,1,17,14,0,0
motion_sensor,1.7494,1382,654,728,0.898350414353826,0,1,0,0,0,1,1,17,14,0,0
motion_sensor,0.896,6558,4866,1692,2.87588482512717,1,0,0,0,0,0,0,0,0,3,1
motion_sensor,1837.8776,46320,23160,23160,0.999999956822109,0,0,0,0,0,0,0,0,1,0,0
motion_sensor,48488.2803,1232100,616080,616020,1.0000973978116,0,0,0,0,0,0,0,0,1,0,0
motion_sensor,0.912,1428,476,952,0.499999474790468,0,1,0,0,0,0,0,0,0,0,0
motion_sensor,0.5315,1311,593,718,0.825904142194788,0,1,0,0,0,0,0,0,0,0,0
motion_sensor,11013.7169,279771,139625,140146,0.996282441195022,1,0,0,0,0,0,0,0,0,0,1
motion_sensor,51052.5812,1299480,649740,649740,0.999999998460923,0,0,0,0,0,0,0,0,1,0,0
motion_sensor,497.7141,14037,6845,7192,0.951751814272551,1,0,0,0,0,0,0,1,1,0,1
motion_sensor,2.7466,2709,1193,1516,0.786938794895254,0,1,0,0,0,1,1,8,0,0,0
motion_sensor,2.1998,1442,654,788,0.829948185344943,0,1,0,0,0,1,1,2,2,0,0
motion_sensor,1.8976,1382,654,728,0.898350414353826,0,1,0,0,0,1,1,1,1,0,0
motion_sensor,49533.995,1263359,631445,631914,0.999257808816931,1,0,0,0,0,0,0,0,1,0,1
motion_sensor,0.764,1428,476,952,0.499999474790468,0,1,0,0,0,0,0,0,0,0,0
motion_sensor,0.7205,1428,476,952,0.499999474790468,0,1,0,0,0,0,0,0,0,0,0
motion_sensor,0.6554,1428,476,952,0.499999474790468,0,1,0,0,0,0,0,0,0,0,0
motion_sensor,1.8444,1442,654,788,0.829948185344943,0,1,0,0,0,1,1,3,3,0,0
motion_sensor,0.8309,1428,476,952,0.499999474790468,0,1,0,0,0,0,0,0,0,0,0
motion_sensor,541.915,14939,7325,7614,0.962043477535661,1,0,0,0,0,0,0,1,1,0,1
motion_sensor,2.1005,1382,654,728,0.898350414353826,0,1,0,0,0,1,1,17,14,0,0
motion_sensor,1.588,1482,931,551,1.68965210589454,0,1,0,0,0,0,0,0,0,0,0
motion_sensor,0.0332,120,60,60,0.999983333611106,0,0,0,0,0,0,0,0,0,0,0
motion_sensor,82.5513,3537,1565,1972,0.793610145228121,1,0,0,0,0,0,0,1,1,0,1
motion_sensor,2.4089,1442,654,788,0.829948185344943,0,1,0,0,0,1,1,7,5,0,0
motion_sensor,1.572,1482,931,551,1.68965210589454,0,1,0,0,0,0,0,0,0,0,0
motion_sensor,1.8529,1382,654,728,0.898350414353826,0,1,0,0,0,1,1,4,4,0,0
motion_sensor,1297.2638,34257,16985,17272,0.983383453949545,1,0,0,0,0,0,0,1,1,0,1
motion_sensor,1.9202,1382,654,728,0.898350414353826,0,1,0,0,0,1,1,2,2,0,0
motion_sensor,1.9833,1382,654,728,0.898350414353826,0,1,0,0,0,1,1,4,4,0,0
motion_sensor,1.167,1428,476,952,0.499999474790468,0,1,0,0,0,0,0,0,0,0,0
motion_sensor,1.768,1382,654,728,0.898350414353826,0,1,0,0,0,1,1,5,5,0,0
motion_sensor,9654.7082,250518,126933,123585,1.0270906580322,1,0,0,0,0,0,0,0,0,3,1
motion_sensor,1.0104,1428,476,952,0.499999474790468,0,1,0,0,0,0,0,0,0,0,0
motion_sensor,1.7096,1428,476,952,0.499999474790468,0,1,0,0,0,0,0,0,0,0,0
motion_sensor,1.0959,1428,476,952,0.499999474790468,0,1,0,0,0,0,0,0,0,0,0
motion_sensor,228.7635,5160,2700,2460,1.09756052944694,0,0,0,0,0,0,0,0,1,0,0
motion_sensor,1.7736,1442,654,788,0.829948185344943,0,1,0,0,0,1,1,1,1,0,0
motion_sensor,3633.3998,98132,50793,47339,1.07296307330186,1,0,0,0,0,0,0,0,1,3,1
motion_sensor,1.7107,1382,654,728,0.898350414353826,0,1,0,0,0,1,1,1,1,0,0
motion_sensor,1.7473,1382,654,728,0.898350414353826,0,1,0,0,0,1,1,7,7,0,0
motion_sensor,0.8733,1442,654,788,0.829948185344943,0,1,0,0,0,1,1,17,14,0,0
motion_sensor,1.6863,1382,654,728,0.898350414353826,0,1,0,0,0,1,1,2,2,0,0
motion_sensor,0.8063,1428,476,952,0.499999474790468,0,1,0,0,0,0,0,0,0,0,0
motion_sensor,0.8799,1428,476,952,0.499999474790468,0,1,0,0,0,0,0,0,0,0,0
motion_sensor,0.8288,1126,477,649,0.734975755045062,0,1,0,0,0,0,0,0,0,0,0
motion_sensor,2.5793,1990,714,1276,0.559560689999459,0,1,0,0,0,1,1,7,5,0,0
motion_sensor,722.206,18300,9240,9060,1.01986743710072,0,0,0,0,0,0,0,0,1,0,0
motion_sensor,1.7427,1382,654,728,0.898350414353826,0,1,0,0,0,1,1,1,1,0,0
motion_sensor,1.7205,1382,654,728,0.898350414353826,0,1,0,0,0,1,1,5,5,0,0
motion_sensor,1.7721,1382,654,728,0.898350414353826,0,1,0,0,0,1,1,6,2,0,0
motion_sensor,2.3847,1382,654,728,0.898350414353826,0,1,0,0,0,1,1,2,2,0,0
motion_sensor,58432.6504,1483080,741540,741540,0.999999998651455,0,0,0,0,0,0,0,0,1,0,0
motion_sensor,1.0374,1428,476,952,0.499999474790468,0,1,0,0,0,0,0,0,0,0,0
motion_sensor,1.6452,1382,654,728,0.898350414353826,0,1,0,0,0,1,1,2,2,0,0
motion_sensor,1.7401,1428,476,952,0.499999474790468,0,1,0,0,0,0,0,0,0,0,0
motion_sensor,1.0177,1428,476,952,0.499999474790468,0,1,0,0,0,0,0,0,0,0,0
motion_sensor,0.764,1124,477,647,0.737247701317309,0,1,0,0,0,0,0,0,0,0,0
security_camera,1.3418,82799,6409,76390,0.083898414924749,1,0,0,0,0,0,0,0,0,2,1
security_camera,0.8011,1548,645,903,0.71428492327251,0,1,0,0,0,1,1,0,1,0,0
security_camera,0.0044,120,60,60,0.999983333611106,0,0,0,0,0,0,0,0,0,0,0
security_camera,1.9606,7859,5858,2001,2.92753476884819,1,0,0,0,0,0,0,0,0,3,1
security_camera,0.7403,1548,645,903,0.71428492327251,0,1,0,0,0,1,1,0,1,0,0
security_camera,2.008,7925,5858,2067,2.83405765164119,1,0,0,0,0,0,0,0,0,3,1
security_camera,1.1964,84807,6349,78458,0.080922275855588,1,0,0,0,0,0,0,0,0,2,1
security_camera,0.0032,120,60,60,0.999983333611106,0,0,0,0,0,0,0,0,0,0,0
security_camera,0.7474,1548,645,903,0.71428492327251,0,1,0,0,0,1,1,0,1,0,0
security_camera,0.0057,120,60,60,0.999983333611106,0,0,0,0,0,0,0,0,0,0,0
security_camera,0.853,1548,645,903,0.71428492327251,0,1,0,0,0,1,1,0,1,0,0
security_camera,0.0032,120,60,60,0.999983333611106,0,0,0,0,0,0,0,0,0,0,0
security_camera,0.9442,81258,5749,75509,0.076136618467512,1,0,0,0,0,0,0,0,0,2,1
security_camera,0.003,120,60,60,0.999983333611106,0,0,0,0,0,0,0,0,0,0,0
security_camera,0.0049,120,60,60,0.999983333611106,0,0,0,0,0,0,0,0,0,0,0
security_camera,2.1102,7859,5858,2001,2.92753476884819,1,0,0,0,0,0,0,0,0,3,1
security_camera,0.0024,120,60,60,0.999983333611106,0,0,0,0,0,0,0,0,0,0,0
security_camera,0.004,120,60,60,0.999983333611106,0,0,0,0,0,0,0,0,0,0,0
security_camera,2.0204,7793,5858,1935,3.02738861633663,1,0,0,0,0,0,0,0,0,3,1
security_camera,2.3268,7925,5924,2001,2.96051826061056,1,0,0,0,0,0,0,0,0,3,1
security_camera,1.9973,7859,5858,2001,2.92753476884819,1,0,0,0,0,0,0,0,0,3,1
security_camera,0.7672,1548,645,903,0.71428492327251,0,1,0,0,0,1,1,0,1,0,0
security_camera,0.0096,120,60,60,0.999983333611106,0,0,0,0,0,0,0,0,0,0,0
security_camera,0.0088,120,60,60,0.999983333611106,0,0,0,0,0,0,0,0,0,0,0
security_camera,0.7673,1536,645,891,0.723904911442299,0,1,0,0,0,1,1,0,1,0,0
security_camera,0.5978,9554,7073,2481,2.85086543697483,1,0,0,0,0,0,0,0,0,2,1
security_camera,1.1099,82769,5749,77020,0.07464294891401,1,0,0,0,0,0,0,0,0,2,1
security_camera,0.0081,120,60,60,0.999983333611106,0,0,0,0,0,0,0,0,0,0,0
security_camera,0.8336,1548,645,903,0.71428492327251,0,1,0,0,0,1,1,0,1,0,0
security_camera,0.7864,1548,645,903,0.71428492327251,0,1,0,0,0,1,1,0,1,0,0
security_camera,0.9538,81552,5749,75803,0.0758413245407,1,0,0,0,0,0,0,0,0,2,1
security_camera,1.1048,1548,645,903,0.71428492327251,0,1,0,0,0,1,1,0,1,0,0
security_camera,1.117,83442,5749,77693,0.073996369376953,1,0,0,0,0,0,0,0,0,2,1
security_camera,0.7316,1548,645,903,0.71428492327251,0,1,0,0,0,1,1,0,1,0,0
security_camera,0.7823,1548,645,903,0.71428492327251,0,1,0,0,0,1,1,0,1,0,0
security_camera,0.0088,120,60,60,0.999983333611106,0,0,0,0,0,0,0,0,0,0,0
security_camera,0.9028,1548,645,903,0.71428492327251,0,1,0,0,0,1,1,0,1,0,0
security_camera,0.7875,1512,645,867,0.743943778611559,0,1,0,0,0,1,1,0,0,0,0
security_camera,2.3156,7859,5858,2001,2.92753476884819,1,0,0,0,0,0,0,0,0,3,1
security_camera,0.0056,120,60,60,0.999983333611106,0,0,0,0,0,0,0,0,0,0,0
security_camera,0.8656,1548,645,903,0.71428492327251,0,1,0,0,0,1,1,0,1,0,0
security_camera,0.0475,120,60,60,0.999983333611106,0,0,0,0,0,0,0,0,0,0,0
security_camera,0.0081,120,60,60,0.999983333611106,0,0,0,0,0,0,0,0,0,0,0
security_camera,0.7228,1548,645,903,0.71428492327251,0,1,0,0,0,1,1,0,1,0,0
security_camera,0.745,1548,645,903,0.71428492327251,0,1,0,0,0,1,1,0,1,0,0
security_camera,0.7412,1548,645,903,0.71428492327251,0,1,0,0,0,1,1,0,1,0,0
security_camera,2.0904,7859,5858,2001,2.92753476884819,1,0,0,0,0,0,0,0,0,3,1
security_camera,0.9197,81334,5749,75585,0.076060063821392,1,0,0,0,0,0,0,0,0,2,1
security_camera,1.0436,81839,5749,76090,0.075555262510773,1,0,0,0,0,0,0,0,0,2,1
security_camera,0.0096,120,60,60,0.999983333611106,0,0,0,0,0,0,0,0,0,0,0
security_camera,0.0451,120,60,60,0.999983333611106,0,0,0,0,0,0,0,0,0,0,0
security_camera,2.0213,7859,5858,2001,2.92753476884819,1,0,0,0,0,0,0,0,0,3,1
security_camera,0.75,1572,645,927,0.695792129674078,0,1,0,0,0,1,1,0,0,0,0
security_camera,0.8439,1548,645,903,0.71428492327251,0,1,0,0,0,1,1,0,1,0,0
security_camera,0.8169,1524,645,879,0.733787561106301,0,1,0,0,0,1,1,0,0,0,0
security_camera,0.0475,120,60,60,0.999983333611106,0,0,0,0,0,0,0,0,0,0,0
security_camera,1.208,82021,5749,76272,0.075374972789818,1,0,0,0,0,0,0,0,0,2,1
security_camera,0.0451,120,60,60,0.999983333611106,0,0,0,0,0,0,0,0,0,0,0
security_camera,0.0027,120,60,60,0.999983333611106,0,0,0,0,0,0,0,0,0,0,0
security_camera,0.0071,120,60,60,0.999983333611106,0,0,0,0,0,0,0,0,0,0,0
security_camera,2.234,7859,5858,2001,2.92753476884819,1,0,0,0,0,0,0,0,0,3,1
security_camera,0.4915,1482,579,903,0.641195303216718,0,1,0,0,0,1,1,0,1,0,0
security_camera,2.2632,7859,5858,2001,2.92753476884819,1,0,0,0,0,0,0,0,0,3,1
security_camera,0.9046,82411,5749,76662,0.074991520244821,1,0,0,0,0,0,0,0,0,2,1
security_camera,0.004,120,60,60,0.999983333611106,0,0,0,0,0,0,0,0,0,0,0
security_camera,1.5365,81257,5749,75508,0.076137626792689,1,0,0,0,0,0,0,0,0,2,1
security_camera,0.0024,120,60,60,0.999983333611106,0,0,0,0,0,0,0,0,0,0,0
security_camera,1.0222,83835,5869,77966,0.075276401568935,1,0,0,0,0,0,0,0,0,2,1
security_camera,0.569,9554,7073,2481,2.85086543697483,1,0,0,0,0,0,0,0,0,2,1
security_camera,0.7662,1548,645,903,0.71428492327251,0,1,0,0,0,1,1,0,1,0,0
security_camera,0.9082,1548,645,903,0.71428492327251,0,1,0,0,0,1,1,0,1,0,0
security_camera,0.7382,1548,645,903,0.71428492327251,0,1,0,0,0,1,1,0,1,0,0
security_camera,0.5057,1470,579,891,0.649830920504017,0,1,0,0,0,1,1,0,1,0,0
security_camera,0.0044,120,60,60,0.999983333611106,0,0,0,0,0,0,0,0,0,0,0
security_camera,0.7459,1548,645,903,0.71428492327251,0,1,0,0,0,1,1,0,1,0,0
security_camera,1.1089,82290,5749,76541,0.075110070744959,1,0,0,0,0,0,0,0,0,2,1
security_camera,2.0804,7859,5858,2001,2.92753476884819,1,0,0,0,0,0,0,0,0,3,1
security_camera,0.7304,1548,645,903,0.71428492327251,0,1,0,0,0,1,1,0,1,0,0
security_camera,0.0057,120,60,60,0.999983333611106,0,0,0,0,0,0,0,0,0,0,0
security_camera,1.0,82141,5749,76392,0.075256570383593,1,0,0,0,0,0,0,0,0,2,1
security_camera,2.1911,7859,5858,2001,2.92753476884819,1,0,0,0,0,0,0,0,0,3,1
security_camera,0.0056,120,60,60,0.999983333611106,0,0,0,0,0,0,0,0,0,0,0
security_camera,0.725,1548,645,903,0.71428492327251,0,1,0,0,0,1,1,0,1,0,0
security_camera,0.0074,120,60,60,0.999983333611106,0,0,0,0,0,0,0,0,0,0,0
security_camera,2.109,7859,5858,2001,2.92753476884819,1,0,0,0,0,0,0,0,0,3,1
security_camera,0.003,120,60,60,0.999983333611106,0,0,0,0,0,0,0,0,0,0,0
security_camera,0.8155,1548,645,903,0.71428492327251,0,1,0,0,0,1,1,0,1,0,0
security_camera,0.0027,120,60,60,0.999983333611106,0,0,0,0,0,0,0,0,0,0,0
security_camera,0.0071,120,60,60,0.999983333611106,0,0,0,0,0,0,0,0,0,0,0
security_camera,0.9785,1548,645,903,0.71428492327251,0,1,0,0,0,1,1,0,1,0,0
security_camera,1.1453,81360,5749,75611,0.076033909404268,1,0,0,0,0,0,0,0,0,2,1
security_camera,0.9592,1548,645,903,0.71428492327251,0,1,0,0,0,1,1,0,1,0,0
security_camera,0.0049,120,60,60,0.999983333611106,0,0,0,0,0,0,0,0,0,0,0
security_camera,0.7724,1548,645,903,0.71428492327251,0,1,0,0,0,1,1,0,1,0,0
security_camera,0.7406,1572,645,927,0.695792129674078,0,1,0,0,0,1,1,0,1,0,0
security_camera,0.9969,81473,5749,75724,0.075920446939934,1,0,0,0,0,0,0,0,0,2,1
security_camera,0.7773,1548,645,903,0.71428492327251,0,1,0,0,0,1,1,0,1,0,0
security_camera,2.0177,7859,5858,2001,2.92753476884819,1,0,0,0,0,0,0,0,0,3,1
security_camera,0.0074,120,60,60,0.999983333611106,0,0,0,0,0,0,0,0,0,0,0
security_camera,2.0974,7859,5858,2001,2.92753476884819,1,0,0,0,0,0,0,0,0,3,1
smoke_detector,4.795,5302,2635,2667,0.988001129358407,0,0,0,0,0,0,0,0,0,0,0
smoke_detector,3.0292,2411,1317,1094,1.2038380220859,0,0,0,0,0,0,0,0,0,0,0
smoke_detector,21.9737,61728,11776,49952,0.235746311744348,0,0,0,0,0,0,0,2,0,0,0
smoke_detector,3.0481,2412,1317,1095,1.20273862763596,0,0,0,0,0,0,0,0,0,0,0
smoke_detector,3.0776,2412,1316,1096,1.2007288314518,0,0,0,0,0,0,0,0,0,0,0
smoke_detector,3.9156,5302,2574,2728,0.943548041221392,0,0,0,0,0,0,0,0,0,0,0
smoke_detector,2.9829,2411,1316,1095,1.20182538646083,0,0,0,0,0,0,0,0,0,0,0
smoke_detector,3.1756,2318,1146,1172,0.977814865345678,0,0,0,0,0,0,0,0,0,0,0
smoke_detector,21.9801,62378,11993,50385,0.238027185907965,0,0,0,0,0,0,0,3,0,0,0
smoke_detector,3.6854,4557,2461,2096,1.17414066119243,0,0,0,0,0,0,0,0,0,0,0
smoke_detector,10.2891,2498,1386,1112,1.24640175683295,0,0,0,0,0,0,0,4,0,0,0
smoke_detector,21.9204,61319,11666,49653,0.234950552132791,0,0,0,0,0,0,0,1,0,0,0
smoke_detector,3.1951,3202,2047,1155,1.7722928378417,0,0,0,0,0,0,0,1,0,0,0
smoke_detector,4.8522,5242,2574,2668,0.964767254584987,0,0,0,0,0,0,0,0,0,0,0
smoke_detector,2.9505,2319,1146,1173,0.976981264295597,0,0,0,0,0,0,0,0,0,0,0
smoke_detector,4.8537,5243,2575,2668,0.965142067038206,0,0,0,0,0,0,0,0,0,0,0
smoke_detector,21.4778,61801,11776,50025,0.235402294144882,0,0,0,0,0,0,0,2,0,0,0
smoke_detector,3.609,2411,1317,1094,1.2038380220859,0,0,0,0,0,0,0,0,0,0,0
smoke_detector,3.3957,2411,1317,1094,1.2038380220859,0,0,0,0,0,0,0,0,0,0,0
smoke_detector,4.2108,5242,2575,2667,0.965503949942276,0,0,0,0,0,0,0,0,0,0,0
smoke_detector,3.0395,2411,1317,1094,1.2038380220859,0,0,0,0,0,0,0,0,0,0,0
smoke_detector,24.0322,2560,1446,1114,1.29802396945784,0,0,0,0,0,0,0,5,0,0,0
smoke_detector,2.8835,2319,1146,1173,0.976981264295597,0,0,0,0,0,0,0,0,0,0,0
smoke_detector,3.0539,2319,1146,1173,0.976981264295597,0,0,0,0,0,0,0,0,0,0,0
smoke_detector,3.1605,2410,1316,1094,1.20292394613899,0,0,0,0,0,0,0,0,0,0,0
smoke_detector,3.0564,2318,1145,1173,0.976128750103367,0,0,0,0,0,0,0,0,0,0,0
smoke_detector,2.9822,2414,1318,1096,1.20255364730507,0,0,0,0,0,0,0,0,0,0,0
smoke_detector,4.6273,5518,2790,2728,1.02272689782738,0,0,0,0,0,0,0,1,0,0,0
smoke_detector,3.0365,2412,1317,1095,1.20273862763596,0,0,0,0,0,0,0,0,0,0,0
smoke_detector,2.9384,2318,1146,1172,0.977814865345678,0,0,0,0,0,0,0,0,0,0,0
smoke_detector,3.8638,5363,2575,2788,0.92360081649899,0,0,0,0,0,0,0,0,0,0,0
smoke_detector,3.8146,4615,2460,2155,1.14153079279314,0,0,0,0,0,0,0,0,0,0,0
smoke_detector,4.1128,5243,2575,2668,0.965142067038206,0,0,0,0,0,0,0,0,0,0,0
smoke_detector,22.8381,61512,11787,49725,0.237043735806059,0,0,0,0,0,0,0,1,0,0,0
smoke_detector,22.0476,62259,11993,50266,0.238590692742794,0,0,0,0,0,0,0,3,0,0,0
smoke_detector,3.0612,2412,1318,1094,1.20475209803282,0,0,0,0,0,0,0,0,0,0,0
smoke_detector,23.7969,61652,11775,49877,0.23608075393306,0,0,0,0,0,0,0,2,0,0,0
smoke_detector,31.5386,62125,11993,50132,0.239228432154543,0,0,0,0,0,0,0,4,0,0,0
smoke_detector,3.9586,5243,2575,2668,0.965142067038206,0,0,0,0,0,0,0,0,0,0,0
smoke_detector,4.1142,5241,2574,2667,0.965128996952007,0,0,0,0,0,0,0,0,0,0,0
smoke_detector,4.0941,5242,2574,2668,0.964767254584987,0,0,0,0,0,0,0,0,0,0,0
smoke_detector,20.5376,2559,1446,1113,1.29919020737627,0,0,0,0,0,0,0,5,0,0,0
smoke_detector,13.3915,2498,1385,1113,1.24438342822693,0,0,0,0,0,0,0,4,0,0,0
smoke_detector,3.8382,4614,2460,2154,1.14206075113243,0,0,0,0,0,0,0,0,0,0,0
smoke_detector,4.1327,5242,2575,2667,0.965503949942276,0,0,0,0,0,0,0,0,0,0,0
smoke_detector,2.9693,2317,1145,1172,0.976961623752881,0,0,0,0,0,0,0,0,0,0,0
smoke_detector,3.3249,2320,1146,1174,0.976149083348311,0,0,0,0,0,0,0,0,0,0,0
smoke_detector,3.9152,5243,2575,2668,0.965142067038206,0,0,0,0,0,0,0,0,0,0,0
smoke_detector,3.9621,5243,2574,2669,0.964405783287455,0,0,0,0,0,0,0,0,0,0,0
smoke_detector,22.4126,61947,11993,49954,0.240080869598413,0,0,0,0,0,0,0,4,0,0,0
smoke_detector,3.8364,5243,2575,2668,0.965142067038206,0,0,0,0,0,0,0,0,0,0,0
smoke_detector,3.9429,5244,2576,2668,0.965516879491424,0,0,0,0,0,0,0,0,0,0,0
smoke_detector,4.3049,6035,3308,2727,1.21305419396619,0,0,0,0,0,0,0,1,0,0,0
smoke_detector,3.9065,5243,2574,2669,0.964405783287455,0,0,0,0,0,0,0,0,0,0,0
smoke_detector,3.0395,2411,1317,1094,1.2038380220859,0,0,0,0,0,0,0,0,0,0,0
smoke_detector,2.9963,2413,1317,1096,1.20164123937843,0,0,0,0,0,0,0,0,0,0,0
smoke_detector,25.4039,62573,12549,50024,0.250859582383264,0,0,0,0,0,0,0,8,0,0,0
smoke_detector,2.9926,2412,1316,1096,1.2007288314518,0,0,0,0,0,0,0,0,0,0,0
smoke_detector,5.3165,5241,2574,2667,0.965128996952007,0,0,0,0,0,0,0,0,0,0,0
smoke_detector,2.9601,2411,1317,1094,1.2038380220859,0,0,0,0,0,0,0,0,0,0,0
smoke_detector,3.9508,5245,2576,2669,0.965155127330413,0,0,0,0,0,0,0,0,0,0,0
smoke_detector,2.9968,2412,1316,1096,1.2007288314518,0,0,0,0,0,0,0,0,0,0,0
smoke_detector,20.2998,61341,11557,49784,0.232142852479856,0,0,0,0,0,0,0,0,0,0,0
smoke_detector,2.9658,2414,1318,1096,1.20255364730507,0,0,0,0,0,0,0,0,0,0,0
smoke_detector,4.0272,5244,2575,2669,0.964780455308934,0,0,0,0,0,0,0,0,0,0,0
smoke_detector,2.943,2319,1146,1173,0.976981264295597,0,0,0,0,0,0,0,0,0,0,0
smoke_detector,23.1105,62186,12113,50073,0.241906811217486,0,0,0,0,0,0,0,4,0,0,0
smoke_detector,61.3566,4916,2881,2035,1.41572412003729,0,0,0,0,0,0,0,7,0,0,0
smoke_detector,22.8968,61805,11895,49910,0.23832898741076,0,0,0,0,0,0,0,2,0,0,0
smoke_detector,3.2039,2412,1316,1096,1.2007288314518,0,0,0,0,0,0,0,0,0,0,0
smoke_detector,23.5828,61945,11992,49953,0.240065656916188,0,0,0,0,0,0,0,4,0,0,0
smoke_detector,2.9099,2321,1147,1174,0.977000871379156,0,0,0,0,0,0,0,0,0,0,0
smoke_detector,20.9725,61221,11557,49664,0.232703764644335,0,0,0,0,0,0,0,0,0,0,0
smoke_detector,2.866,2319,1146,1173,0.976981264295597,0,0,0,0,0,0,0,0,0,0,0
smoke_detector,2.9492,2413,1317,1096,1.20164123937843,0,0,0,0,0,0,0,0,0,0,0
smoke_detector,2.9987,2413,1317,1096,1.20164123937843,0,0,0,0,0,0,0,0,0,0,0
smoke_detector,3.0738,2411,1317,1094,1.2038380220859,0,0,0,0,0,0,0,0,0,0,0
smoke_detector,21.7436,62018,11993,50025,0.239740125142626,0,0,0,0,0,0,0,4,0,0,0
smoke_detector,11.4559,2501,1387,1114,1.24506171897512,0,0,0,0,0,0,0,4,0,0,0
smoke_detector,25.2063,61956,12004,49952,0.240310693459507,0,0,0,0,0,0,0,3,0,0,0
smoke_detector,3.1224,2318,1146,1172,0.977814865345678,0,0,0,0,0,0,0,0,0,0,0
smoke_detector,2.9657,2317,1145,1172,0.976961623752881,0,0,0,0,0,0,0,0,0,0,0
smoke_detector,4.2067,5243,2575,2668,0.965142067038206,0,0,0,0,0,0,0,0,0,0,0
smoke_detector,22.6339,62055,11884,50171,0.236869900203905,0,0,0,0,0,0,0,2,0,0,0
smoke_detector,3.1445,2412,1317,1095,1.20273862763596,0,0,0,0,0,0,0,0,0,0,0
smoke_detector,3.0095,2321,1147,1174,0.977000871379156,0,0,0,0,0,0,0,0,0,0,0
smoke_detector,4.4963,2380,1266,1114,1.13644422222242,0,0,0,0,0,0,0,2,0,0,0
smoke_detector,24.1278,62454,12320,50134,0.245741408111433,0,0,0,0,0,0,0,7,0,0,0
smoke_detector,23.1504,62465,12332,50133,0.245985673189602,0,0,0,0,0,0,0,6,0,0,0
smoke_detector,22.0908,62047,11774,50273,0.234201256455727,0,0,0,0,0,0,0,1,0,0,0
smoke_detector,2.9376,2320,1146,1174,0.976149083348311,0,0,0,0,0,0,0,0,0,0,0
smoke_detector,3.0873,2411,1317,1094,1.2038380220859,0,0,0,0,0,0,0,0,0,0,0
smoke_detector,3.6022,2321,1147,1174,0.977000871379156,0,0,0,0,0,0,0,0,0,0,0
smoke_detector,2.8898,2414,1318,1096,1.20255364730507,0,0,0,0,0,0,0,0,0,0,0
smoke_detector,3.2136,2412,1317,1095,1.20273862763596,0,0,0,0,0,0,0,0,0,0,0
smoke_detector,4.0502,5245,2576,2669,0.965155127330413,0,0,0,0,0,0,0,0,0,0,0
smoke_detector,25.2531,61958,11993,49965,0.240028014809807,0,0,0,0,0,0,0,4,0,0,0
smoke_detector,3.0685,2319,1146,1173,0.976981264295597,0,0,0,0,0,0,0,0,0,0,0
smoke_detector,3.2335,2411,1317,1094,1.2038380220859,0,0,0,0,0,0,0,0,0,0,0
smoke_detector,24.2281,61707,11775,49932,0.235820711451159,0,0,0,0,0,0,0,2,0,0,0
socket,1.5462,240,0,240,0.0,0,0,0,0,0,0,0,12,0,0,0
socket,1.4985,240,0,240,0.0,0,0,0,0,0,0,0,9,0,0,0
socket,1.5001,240,0,240,0.0,0,0,0,0,0,0,0,6,0,0,0
socket,1.4991,240,0,240,0.0,0,0,0,0,0,0,0,6,0,0,0
socket,1.4739,240,0,240,0.0,0,0,0,0,0,0,0,6,0,0,0
socket,1.4991,240,0,240,0.0,0,0,0,0,0,0,0,9,0,0,0
socket,1.4863,240,0,240,0.0,0,0,0,0,0,0,0,3,0,0,0
socket,1.4992,240,0,240,0.0,0,0,0,0,0,0,0,3,0,0,0
socket,1.5003,240,0,240,0.0,0,0,0,0,0,0,0,6,0,0,0
socket,1.5,240,0,240,0.0,0,0,0,0,0,0,0,3,0,0,0
socket,1.4998,240,0,240,0.0,0,0,0,0,0,0,0,6,0,0,0
socket,1.4782,240,0,240,0.0,0,0,0,0,0,0,0,3,0,0,0
socket,1.4996,240,0,240,0.0,0,0,0,0,0,0,0,3,0,0,0
socket,1.4987,240,0,240,0.0,0,0,0,0,0,0,0,9,0,0,0
socket,1.498,240,0,240,0.0,0,0,0,0,0,0,0,3,0,0,0
socket,1.5258,240,0,240,0.0,0,0,0,0,0,0,0,9,0,0,0
socket,1.575,240,0,240,0.0,0,0,0,0,0,0,0,6,0,0,0
socket,1.4991,240,0,240,0.0,0,0,0,0,0,0,0,3,0,0,0
socket,1.4996,240,0,240,0.0,0,0,0,0,0,0,0,3,0,0,0
socket,1.4,240,0,240,0.0,0,0,0,0,0,0,0,3,0,0,0
socket,1.4992,240,0,240,0.0,0,0,0,0,0,0,0,6,0,0,0
socket,1.4743,240,0,240,0.0,0,0,0,0,0,0,0,9,0,0,0
socket,1.474,240,0,240,0.0,0,0,0,0,0,0,0,6,0,0,0
socket,1.4503,240,0,240,0.0,0,0,0,0,0,0,0,6,0,0,0
socket,1.4979,240,0,240,0.0,0,0,0,0,0,0,0,3,0,0,0
socket,1.4992,240,0,240,0.0,0,0,0,0,0,0,0,3,0,0,0
socket,1.4744,240,0,240,0.0,0,0,0,0,0,0,0,3,0,0,0
socket,1.4994,240,0,240,0.0,0,0,0,0,0,0,0,3,0,0,0
socket,1.499,240,0,240,0.0,0,0,0,0,0,0,0,6,0,0,0
socket,1.4974,240,0,240,0.0,0,0,0,0,0,0,0,18,0,0,0
socket,1.4989,240,0,240,0.0,0,0,0,0,0,0,0,6,0,0,0
socket,1.4731,240,0,240,0.0,0,0,0,0,0,0,0,6,0,0,0
socket,1.5488,240,0,240,0.0,0,0,0,0,0,0,0,3,0,0,0
socket,1.4993,240,0,240,0.0,0,0,0,0,0,0,0,6,0,0,0
socket,1.4991,240,0,240,0.0,0,0,0,0,0,0,0,9,0,0,0
socket,1.4983,240,0,240,0.0,0,0,0,0,0,0,0,6,0,0,0
socket,1.4992,240,0,240,0.0,0,0,0,0,0,0,0,3,0,0,0
socket,1.4992,240,0,240,0.0,0,0,0,0,0,0,0,3,0,0,0
socket,1.4526,240,0,240,0.0,0,0,0,0,0,0,0,3,0,0,0
socket,1.4992,240,0,240,0.0,0,0,0,0,0,0,0,6,0,0,0
socket,1.4001,240,0,240,0.0,0,0,0,0,0,0,0,3,0,0,0
socket,1.4248,240,0,240,0.0,0,0,0,0,0,0,0,3,0,0,0
socket,1.4984,240,0,240,0.0,0,0,0,0,0,0,0,3,0,0,0
socket,1.4975,240,0,240,0.0,0,0,0,0,0,0,0,3,0,0,0
socket,1.4992,240,0,240,0.0,0,0,0,0,0,0,0,9,0,0,0
socket,1.4991,240,0,240,0.0,0,0,0,0,0,0,0,6,0,0,0
socket,1.4992,240,0,240,0.0,0,0,0,0,0,0,0,6,0,0,0
socket,1.4994,240,0,240,0.0,0,0,0,0,0,0,0,9,0,0,0
socket,1.4999,240,0,240,0.0,0,0,0,0,0,0,0,3,0,0,0
socket,1.4992,240,0,240,0.0,0,0,0,0,0,0,0,6,0,0,0
socket,1.4991,240,0,240,0.0,0,0,0,0,0,0,0,6,0,0,0
socket,1.5242,240,0,240,0.0,0,0,0,0,0,0,0,6,0,0,0
socket,1.4969,240,0,240,0.0,0,0,0,0,0,0,0,9,0,0,0
socket,1.4972,240,0,240,0.0,0,0,0,0,0,0,0,9,0,0,0
socket,1.4994,240,0,240,0.0,0,0,0,0,0,0,0,15,0,0,0
socket,1.4991,240,0,240,0.0,0,0,0,0,0,0,0,6,0,0,0
socket,1.5235,240,0,240,0.0,0,0,0,0,0,0,0,12,0,0,0
socket,1.3736,240,0,240,0.0,0,0,0,0,0,0,0,3,0,0,0
socket,1.5019,240,0,240,0.0,0,0,0,0,0,0,0,3,0,0,0
socket,1.4715,240,0,240,0.0,0,0,0,0,0,0,0,3,0,0,0
socket,1.4991,240,0,240,0.0,0,0,0,0,0,0,0,6,0,0,0
socket,1.4798,240,0,240,0.0,0,0,0,0,0,0,0,3,0,0,0
socket,1.4915,240,0,240,0.0,0,0,0,0,0,0,0,6,0,0,0
socket,1.4989,240,0,240,0.0,0,0,0,0,0,0,0,3,0,0,0
socket,1.4789,240,0,240,0.0,0,0,0,0,0,0,0,3,0,0,0
socket,1.4241,240,0,240,0.0,0,0,0,0,0,0,0,3,0,0,0
socket,1.5,240,0,240,0.0,0,0,0,0,0,0,0,6,0,0,0
socket,1.4478,240,0,240,0.0,0,0,0,0,0,0,0,3,0,0,0
socket,1.4997,240,0,240,0.0,0,0,0,0,0,0,0,3,0,0,0
socket,1.5094,240,0,240,0.0,0,0,0,0,0,0,0,9,0,0,0
socket,1.5635,240,0,240,0.0,0,0,0,0,0,0,0,3,0,0,0
socket,1.5248,240,0,240,0.0,0,0,0,0,0,0,0,3,0,0,0
socket,1.4993,240,0,240,0.0,0,0,0,0,0,0,0,6,0,0,0
socket,1.4991,240,0,240,0.0,0,0,0,0,0,0,0,9,0,0,0
socket,1.5222,240,0,240,0.0,0,0,0,0,0,0,0,3,0,0,0
socket,1.4753,240,0,240,0.0,0,0,0,0,0,0,0,9,0,0,0
socket,1.4983,240,0,240,0.0,0,0,0,0,0,0,0,6,0,0,0
socket,1.4768,240,0,240,0.0,0,0,0,0,0,0,0,6,0,0,0
socket,1.4728,240,0,240,0.0,0,0,0,0,0,0,0,3,0,0,0
socket,1.474,240,0,240,0.0,0,0,0,0,0,0,0,18,0,0,0
socket,1.4985,240,0,240,0.0,0,0,0,0,0,0,0,3,0,0,0
socket,1.4764,240,0,240,0.0,0,0,0,0,0,0,0,9,0,0,0
socket,1.4962,240,0,240,0.0,0,0,0,0,0,0,0,12,0,0,0
socket,1.4887,240,0,240,0.0,0,0,0,0,0,0,0,6,0,0,0
socket,1.4991,240,0,240,0.0,0,0,0,0,0,0,0,3,0,0,0
socket,1.4984,240,0,240,0.0,0,0,0,0,0,0,0,6,0,0,0
socket,1.4994,240,0,240,0.0,0,0,0,0,0,0,0,3,0,0,0
socket,1.4972,240,0,240,0.0,0,0,0,0,0,0,0,3,0,0,0
socket,1.5118,240,0,240,0.0,0,0,0,0,0,0,0,3,0,0,0
socket,1.4742,240,0,240,0.0,0,0,0,0,0,0,0,3,0,0,0
socket,1.5502,240,0,240,0.0,0,0,0,0,0,0,0,3,0,0,0
socket,1.4993,240,0,240,0.0,0,0,0,0,0,0,0,3,0,0,0
socket,1.4978,240,0,240,0.0,0,0,0,0,0,0,0,3,0,0,0
socket,1.5141,240,0,240,0.0,0,0,0,0,0,0,0,3,0,0,0
socket,1.4998,240,0,240,0.0,0,0,0,0,0,0,0,3,0,0,0
socket,1.4992,240,0,240,0.0,0,0,0,0,0,0,0,18,0,0,0
socket,1.5005,240,0,240,0.0,0,0,0,0,0,0,0,15,0,0,0
socket,1.4992,240,0,240,0.0,0,0,0,0,0,0,0,3,0,0,0
socket,1.4995,240,0,240,0.0,0,0,0,0,0,0,0,3,0,0,0
socket,1.5014,240,0,240,0.0,0,0,0,0,0,0,0,3,0,0,0
thermostat,1.2393,9758,1226,8532,0.143694310396823,1,0,0,0,0,0,0,0,0,0,1
thermostat,1.5599,8774,1226,7548,0.162427111496143,1,0,0,0,0,0,0,0,0,0,1
thermostat,1.7358,9832,1226,8606,0.142458733156085,1,0,0,0,0,0,0,0,0,0,1
thermostat,1.5335,12129,4416,7713,0.572539793525244,1,0,0,0,0,0,0,0,0,2,1
thermostat,1.4765,9416,1226,8190,0.149694731417005,1,0,0,0,0,0,0,0,0,0,1
thermostat,1.3189,9406,1160,8246,0.140674249251243,1,0,0,0,0,0,0,0,0,0,1
thermostat,1.2255,9384,1160,8224,0.141050566506497,1,0,0,0,0,0,0,0,0,0,1
thermostat,1.5456,8617,1226,7391,0.165877396038777,1,0,0,0,0,0,0,0,0,0,1
thermostat,1.6242,27917,1557,26360,0.059066765589273,1,0,0,0,0,0,0,0,0,0,1
thermostat,1.4449,9440,1160,8280,0.140096601437609,1,0,0,0,0,0,0,0,0,0,1
thermostat,1.3869,9789,1226,8563,0.143174104499112,1,0,0,0,0,0,0,0,0,0,1
thermostat,1.5425,8680,1226,7454,0.164475427357737,1,0,0,0,0,0,0,0,0,0,1
thermostat,1.5376,13190,4614,8576,0.538012996966768,1,0,0,0,0,0,0,0,0,2,1
thermostat,1.4391,9820,1226,8594,0.142657651540883,1,0,0,0,0,0,0,0,0,0,1
thermostat,1.4449,9428,1226,8202,0.149475719400668,1,0,0,0,0,0,0,0,0,0,1
thermostat,1.8939,27681,1623,26058,0.062284133000072,1,0,0,0,0,0,0,0,0,0,1
thermostat,1.5708,9403,1226,8177,0.149932719832124,1,0,0,0,0,0,0,0,0,0,1
thermostat,1.3695,9412,1226,8186,0.149767878112891,1,0,0,0,0,0,0,0,0,0,1
thermostat,1.9769,27736,1623,26113,0.06215294825746,1,0,0,0,0,0,0,0,0,0,1
thermostat,1.2975,9159,1226,7933,0.154544289103203,1,0,0,0,0,0,0,0,0,0,1
thermostat,1.9036,28605,1689,26916,0.062750777873727,1,0,0,0,0,0,0,0,0,0,1
thermostat,1.342,9443,1226,8217,0.149202853936613,1,0,0,0,0,0,0,0,0,0,1
thermostat,1.6094,8614,1160,7454,0.155621122132932,1,0,0,0,0,0,0,0,0,0,1
thermostat,1.2722,9361,1226,8135,0.150706803846736,1,0,0,0,0,0,0,0,0,0,1
thermostat,1.2987,8680,1226,7454,0.164475427357737,1,0,0,0,0,0,0,0,0,0,1
thermostat,1.9445,9361,1226,8135,0.150706803846736,1,0,0,0,0,0,0,0,0,0,1
thermostat,1.3387,9417,1226,8191,0.149676455905695,1,0,0,0,0,0,0,0,0,0,1
thermostat,1.4724,9208,1160,8048,0.144135170957359,1,0,0,0,0,0,0,0,0,0,1
thermostat,1.7509,13047,4482,8565,0.523292408255411,1,0,0,0,0,0,0,0,0,2,1
thermostat,1.404,9423,1226,8197,0.149566896478358,1,0,0,0,0,0,0,0,0,0,1
thermostat,1.951,13082,4482,8600,0.521162730097357,1,0,0,0,0,0,0,0,0,2,1
thermostat,1.4946,8964,1226,7738,0.158438852618396,1,0,0,0,0,0,0,0,0,0,1
thermostat,1.1287,9807,1226,8581,0.142873774283443,1,0,0,0,0,0,0,0,0,0,1
thermostat,2.3687,8705,1226,7479,0.163925636592374,1,0,0,0,0,0,0,0,0,0,1
thermostat,1.4405,8583,1226,7357,0.166643989854018,1,0,0,0,0,0,0,0,0,0,1
thermostat,1.1579,9399,1226,8173,0.150006099350777,1,0,0,0,0,0,0,0,0,0,1
thermostat,1.297,9389,1226,8163,0.150189862772282,1,0,0,0,0,0,0,0,0,0,1
thermostat,1.6629,28067,1689,26378,0.064030629159503,1,0,0,0,0,0,0,0,0,0,1
thermostat,1.2824,9290,1226,8064,0.152033711305343,1,0,0,0,0,0,0,0,0,0,1
thermostat,1.8344,12749,4482,8267,0.542155492662938,1,0,0,0,0,0,0,0,0,2,1
thermostat,1.852,9142,1160,7982,0.145326967511029,1,0,0,0,0,0,0,0,0,0,1
thermostat,1.5286,9336,1160,8176,0.141878651922865,1,0,0,0,0,0,0,0,0,0,1
thermostat,1.5151,8627,1226,7401,0.165653267713381,1,0,0,0,0,0,0,0,0,0,1
thermostat,1.3207,9412,1226,8186,0.149767878112891,1,0,0,0,0,0,0,0,0,0,1
thermostat,1.2679,8971,1226,7745,0.158295654190361,1,0,0,0,0,0,0,0,0,0,1
thermostat,1.7389,12969,4482,8487,0.528101740532374,1,0,0,0,0,0,0,0,0,2,1
thermostat,1.5175,9454,1226,8228,0.14900338490479,1,0,0,0,0,0,0,0,0,0,1
thermostat,1.2203,9442,1226,8216,0.149221013970178,1,0,0,0,0,0,0,0,0,0,1
thermostat,1.4194,9740,1226,8514,0.14399810382921,1,0,0,0,0,0,0,0,0,0,1
thermostat,2.1918,9416,1226,8190,0.149694731417005,1,0,0,0,0,0,0,0,0,0,1
thermostat,1.1279,8544,1094,7450,0.146845617873071,1,0,0,0,0,0,0,0,0,0,1
thermostat,1.2099,11795,9866,1929,5.11456448182246,1,0,0,0,0,0,0,1,0,2,1
thermostat,1.6821,9392,1160,8232,0.140913491142676,1,0,0,0,0,0,0,0,0,0,1
thermostat,1.2269,9479,1226,8253,0.148552023682052,1,0,0,0,0,0,0,0,0,0,1
thermostat,1.6045,27687,1623,26064,0.06226979503262,1,0,0,0,0,0,0,0,0,0,1
thermostat,2.0405,9384,1226,8158,0.150281913424624,1,0,0,0,0,0,0,0,0,0,1
thermostat,1.1973,8564,1226,7338,0.167075474642208,1,0,0,0,0,0,0,0,0,0,1
thermostat,1.9434,13071,4482,8589,0.521830187235978,1,0,0,0,0,0,0,0,0,2,1
thermostat,1.6762,9267,1160,8107,0.143086204133933,1,0,0,0,0,0,0,0,0,0,1
thermostat,1.6372,9436,1226,8210,0.149330067073073,1,0,0,0,0,0,0,0,0,0,1
thermostat,1.5951,13033,4482,8551,0.524149161016354,1,0,0,0,0,0,0,0,0,2,1
thermostat,1.4796,9407,1160,8247,0.140657191626386,1,0,0,0,0,0,0,0,0,0,1
thermostat,1.4073,9320,1160,8160,0.142156845323916,1,0,0,0,0,0,0,0,0,0,1
thermostat,1.6327,13046,4416,8630,0.511703301077254,1,0,0,0,0,0,0,0,0,2,1
thermostat,1.4299,9487,1226,8261,0.148408165063774,1,0,0,0,0,0,0,0,0,0,1
thermostat,1.8432,13029,4482,8547,0.524394463040311,1,0,0,0,0,0,0,0,0,2,1
thermostat,1.3837,9403,1226,8177,0.149932719832124,1,0,0,0,0,0,0,0,0,0,1
thermostat,1.2524,9438,1226,8212,0.149293698332477,1,0,0,0,0,0,0,0,0,0,1
thermostat,1.772,9376,1160,8216,0.141187908813546,1,0,0,0,0,0,0,0,0,0,1
thermostat,1.445,8516,1160,7356,0.157694377692445,1,0,0,0,0,0,0,0,0,0,1
thermostat,1.4908,9350,1226,8124,0.150910862763311,1,0,0,0,0,0,0,0,0,0,1
thermostat,1.6298,9458,1226,8232,0.148930982880104,1,0,0,0,0,0,0,0,0,0,1
thermostat,1.1268,8662,1226,7436,0.164873565778165,1,0,0,0,0,0,0,0,0,0,1
thermostat,1.3622,9465,1226,8239,0.148804448500492,1,0,0,0,0,0,0,0,0,0,1
thermostat,1.534,8563,1226,7337,0.167098246272557,1,0,0,0,0,0,0,0,0,0,1
thermostat,1.4946,8622,1226,7396,0.165765256116109,1,0,0,0,0,0,0,0,0,0,1
thermostat,1.3305,9506,1226,8280,0.148067614967679,1,0,0,0,0,0,0,0,0,0,1
thermostat,1.1458,8569,1160,7409,0.15656631710537,1,0,0,0,0,0,0,0,0,0,1
thermostat,1.6407,9317,1226,8091,0.151526368616195,1,0,0,0,0,0,0,0,0,0,1
thermostat,1.3244,9480,1226,8254,0.148534026104431,1,0,0,0,0,0,0,0,0,0,1
thermostat,2.6587,13038,4482,8556,0.523842856025847,1,0,0,0,0,0,0,0,0,2,1
thermostat,1.6062,9218,1226,7992,0.153403384208786,1,0,0,0,0,0,0,0,0,0,1
thermostat,1.7181,9176,1226,7950,0.154213817080023,1,0,0,0,0,0,0,0,0,0,1
thermostat,1.3059,9024,1226,7798,0.157219779787153,1,0,0,0,0,0,0,0,0,0,1
thermostat,1.405,9341,1226,8115,0.151078231536878,1,0,0,0,0,0,0,0,0,0,1
thermostat,1.7382,9185,1226,7959,0.154039432838368,1,0,0,0,0,0,0,0,0,0,1
thermostat,1.2548,8969,1160,7809,0.148546529831409,1,0,0,0,0,0,0,0,0,0,1
thermostat,1.4361,8964,1160,7804,0.148641703146886,1,0,0,0,0,0,0,0,0,0,1
thermostat,1.7919,27727,1623,26104,0.06217437702366,1,0,0,0,0,0,0,0,0,0,1
thermostat,1.1979,8692,1226,7466,0.1642110682814,1,0,0,0,0,0,0,0,0,0,1
thermostat,1.7731,8652,1226,7426,0.165095587786751,1,0,0,0,0,0,0,0,0,0,1
thermostat,1.3548,8607,1226,7381,0.166102131675636,1,0,0,0,0,0,0,0,0,0,1
thermostat,1.296,9429,1226,8203,0.149457497323236,1,0,0,0,0,0,0,0,0,0,1
thermostat,1.3449,9522,1226,8296,0.14778204583148,1,0,0,0,0,0,0,0,0,0,1
thermostat,1.4995,9038,1226,7812,0.156938023945465,1,0,0,0,0,0,0,0,0,0,1
thermostat,1.4336,9339,1226,8113,0.151115475025826,1,0,0,0,0,0,0,0,0,0,1
thermostat,1.1977,9413,1226,8187,0.14974958473805,1,0,0,0,0,0,0,0,0,0,1
thermostat,1.8267,9498,1226,8272,0.148210813804302,1,0,0,0,0,0,0,0,0,0,1
thermostat,1.9445,11990,4416,7574,0.583047189985848,1,0,0,0,0,0,0,0,0,2,1
thermostat,1.5055,9389,1226,8163,0.150189862772282,1,0,0,0,0,0,0,0,0,0,1
TV,4.0055,656,204,452,0.451326435118506,1,0,0,0,0,0,0,0,0,0,1
TV,4.0075,656,204,452,0.451326435118506,1,0,0,0,0,0,0,0,0,0,1
TV,0.0585,4997,4212,785,5.36559826038438,0,1,0,0,0,1,1,0,0,0,0
TV,0.0153,6914,300,6614,0.0453583239555,0,0,0,0,0,0,0,0,0,0,0
TV,4.0075,656,204,452,0.451326435118506,1,0,0,0,0,0,0,0,0,0,1
TV,241.9873,3957,1288,2669,0.482577563665207,1,0,0,0,0,0,0,2,1,0,1
TV,4.01,656,204,452,0.451326435118506,1,0,0,0,0,0,0,0,0,0,1
TV,4.0058,656,204,452,0.451326435118506,1,0,0,0,0,0,0,0,0,0,1
TV,33.047,10760,7653,3107,2.46314693815676,1,0,0,0,0,0,0,0,1,3,1
TV,159.4065,5380100,5197336,182764,28.4374164034634,1,0,0,0,0,0,0,12,2,3,1
TV,469.8367,59202,53327,5875,9.07693462520262,1,0,0,0,0,0,0,5,1,3,1
TV,250.0042,15008,8646,6362,1.3590063880845,1,0,0,0,0,0,0,5,1,3,1
TV,4.0052,656,204,452,0.451326435118506,1,0,0,0,0,0,0,0,0,0,1
TV,4.0112,656,204,452,0.451326435118506,1,0,0,0,0,0,0,0,0,0,1
TV,4.0056,656,204,452,0.451326435118506,1,0,0,0,0,0,0,0,0,0,1
TV,0.0493,4997,4212,785,5.36559826038438,0,1,0,0,0,1,1,0,0,0,0
TV,730.9867,43665,14766,28899,0.510951918372542,1,0,0,0,0,0,0,7,1,3,1
TV,0.1077,4937,4212,725,5.80964715910737,0,1,0,0,0,1,1,0,0,0,0
TV,4.0069,656,204,452,0.451326435118506,1,0,0,0,0,0,0,0,0,0,1
TV,242.3476,8854,6154,2700,2.27925841508948,1,0,0,0,0,0,0,2,1,3,1
TV,4.0091,656,204,452,0.451326435118506,1,0,0,0,0,0,0,0,0,0,1
TV,4.0072,656,204,452,0.451326435118506,1,0,0,0,0,0,0,0,0,0,1
TV,3599.4591,7114,366,6748,0.054238284789822,0,0,0,0,0,0,0,0,0,0,0
TV,1019.376,41625,14849,26776,0.554563767756059,1,0,0,0,0,0,0,11,1,0,1
TV,0.055,4997,4212,785,5.36559826038438,0,1,0,0,0,1,1,0,0,0,0
TV,4.0061,656,204,452,0.451326435118506,1,0,0,0,0,0,0,0,0,0,1
TV,7199.9797,5469,3842,1627,2.36139990079908,1,0,0,0,0,0,0,0,0,2,1
TV,4.0047,656,204,452,0.451326435118506,1,0,0,0,0,0,0,0,0,0,1
TV,4.0065,656,204,452,0.451326435118506,1,0,0,0,0,0,0,0,0,0,1
TV,241.03,23364,20591,2773,7.42552923709728,1,0,0,0,0,0,0,1,1,0,1
TV,4.0053,656,204,452,0.451326435118506,1,0,0,0,0,0,0,0,0,0,1
TV,0.0923,4937,4212,725,5.80964715910737,0,1,0,0,0,1,1,0,0,0,0
TV,768.3576,148904,122789,26115,4.70185699016439,1,0,0,0,0,0,0,7,2,3,1
TV,4.012,656,204,452,0.451326435118506,1,0,0,0,0,0,0,0,0,0,1
TV,4.0063,656,204,452,0.451326435118506,1,0,0,0,0,0,0,0,0,0,1
TV,0.077,4937,4212,725,5.80964715910737,0,1,0,0,0,1,1,0,0,0,0
TV,234.948,36656,32564,4092,7.95796481965669,1,0,0,0,0,0,0,1,1,0,1
TV,4.0062,656,204,452,0.451326435118506,1,0,0,0,0,0,0,0,0,0,1
TV,470.2472,151521,144341,7180,20.1032005427297,1,0,0,0,0,0,0,0,1,3,1
TV,4.5459,9193,2626,6567,0.399878117880597,1,0,0,0,0,0,0,1,0,4,1
TV,255.0401,3526,1024,2502,0.409272418356348,1,0,0,0,0,0,0,0,0,0,1
TV,244.3378,86667,81130,5537,14.6523361653718,1,0,0,0,0,0,0,3,1,3,1
TV,505.7353,75591,36786,38805,0.947970597913398,1,0,0,0,0,0,0,10,1,0,1
TV,0.0671,4937,4212,725,5.80964715910737,0,1,0,0,0,1,1,0,0,0,0
TV,4.0172,656,204,452,0.451326435118506,1,0,0,0,0,0,0,0,0,0,1
TV,241.0875,20940,18299,2641,6.92881221930624,1,0,0,0,0,0,0,1,1,0,1
TV,4.0082,656,204,452,0.451326435118506,1,0,0,0,0,0,0,0,0,0,1
TV,0.2204,200,66,134,0.492533637808673,0,0,0,0,0,0,0,0,0,0,0
TV,129.5071,1368670,1313262,55408,23.7016672014571,1,0,0,0,0,0,0,5,3,0,1
TV,271.1476,23330,20503,2827,7.25256199060418,1,0,0,0,0,0,0,1,1,0,1
TV,0.9426,7395,5124,2271,2.25627377530877,1,0,0,0,0,0,0,0,1,3,1
TV,4.0062,656,204,452,0.451326435118506,1,0,0,0,0,0,0,0,0,0,1
TV,0.2177,200,66,134,0.492533637808673,0,0,0,0,0,0,0,0,0,0,0
TV,717.2943,37337,14691,22646,0.64872380779282,1,0,0,0,0,0,0,8,1,3,1
TV,4.0062,656,204,452,0.451326435118506,1,0,0,0,0,0,0,0,0,0,1
TV,4.0056,656,204,452,0.451326435118506,1,0,0,0,0,0,0,0,0,0,1
TV,4.0068,656,204,452,0.451326435118506,1,0,0,0,0,0,0,0,0,0,1
TV,61.3189,11718,3920,7798,0.502692933740327,0,1,0,0,0,0,0,0,0,0,0
TV,544.6699,30425,14127,16298,0.86679341840757,1,0,0,0,0,0,0,8,1,0,1
TV,803.7412,169873,44653,125220,0.35659638750522,1,0,0,0,0,0,0,23,1,0,1
TV,4.0065,656,204,452,0.451326435118506,1,0,0,0,0,0,0,0,0,0,1
TV,559.8055,71848,19237,52611,0.36564596062333,1,0,0,0,0,0,0,14,1,0,1
TV,4.0068,656,204,452,0.451326435118506,1,0,0,0,0,0,0,0,0,0,1
TV,60.869,11673,3920,7753,0.505610666114966,0,1,0,0,0,0,0,0,0,0,0
TV,242.2515,8280,5673,2607,2.17606360718696,1,0,0,0,0,0,0,4,1,3,1
TV,4.0064,656,204,452,0.451326435118506,1,0,0,0,0,0,0,0,0,0,1
TV,247.1673,30336,26540,3796,6.99156823193671,1,0,0,0,0,0,0,0,1,3,1
TV,0.0128,6914,300,6614,0.0453583239555,0,0,0,0,0,0,0,0,0,0,0
TV,4.0059,656,204,452,0.451326435118506,1,0,0,0,0,0,0,0,0,0,1
TV,245.255,11705,9266,2439,3.7990964333348,1,0,0,0,0,0,0,3,1,0,1
TV,4.0066,656,204,452,0.451326435118506,1,0,0,0,0,0,0,0,0,0,1
TV,0.0,163,0,163,0.0,0,0,0,0,0,0,0,0,0,0,0
TV,4.0056,656,204,452,0.451326435118506,1,0,0,0,0,0,0,0,0,0,1
TV,129.5069,4018995,3879846,139149,27.8826723305042,1,0,0,0,0,0,0,3,2,0,1
TV,717.2943,45569,23797,21772,1.09300931963029,1,0,0,0,0,0,0,8,2,3,1
TV,3599.4839,7114,366,6748,0.054238284789822,0,0,0,0,0,0,0,0,0,0,0
TV,159.4158,5143249,4978475,164774,30.2139595432898,1,0,0,0,0,0,0,13,2,3,1
TV,245.2323,43059,39498,3561,11.0918250233572,1,0,0,0,0,0,0,3,1,0,1
TV,4.0123,656,204,452,0.451326435118506,1,0,0,0,0,0,0,0,0,0,1
TV,469.8325,53536,48051,5485,8.76043595981113,1,0,0,0,0,0,0,4,1,3,1
TV,4.0054,656,204,452,0.451326435118506,1,0,0,0,0,0,0,0,0,0,1
TV,85.5335,2321797,2244271,77526,28.9486233141317,1,0,0,0,0,0,0,3,3,0,1
TV,242.3232,101929,94989,6940,13.687173820292,1,0,0,0,0,0,0,3,1,3,1
TV,0.759,4483,2498,1985,1.25843765318002,1,0,0,0,0,0,0,0,0,1,1
TV,258.5925,4695,2148,2547,0.84334478078336,1,0,0,0,0,0,0,3,1,0,1
TV,588.3475,26126,9033,17093,0.528461912568776,1,0,0,0,0,0,0,7,1,0,1
TV,55.9771,1057117,1015551,41566,24.4322517338149,1,0,0,0,0,0,0,6,2,3,1
TV,264.8543,7912,5492,2420,2.26942054982622,1,0,0,0,0,0,0,1,1,3,1
TV,91.1436,1434907,1390034,44873,30.9770679255439,1,0,0,0,0,0,0,5,1,3,1
TV,4.011,656,204,452,0.451326435118506,1,0,0,0,0,0,0,0,0,0,1
TV,4.0058,656,204,452,0.451326435118506,1,0,0,0,0,0,0,0,0,0,1
TV,0.0719,4937,4212,725,5.80964715910737,0,1,0,0,0,1,1,0,0,0,0
TV,4.006,656,204,452,0.451326435118506,1,0,0,0,0,0,0,0,0,0,1
TV,0.87,4483,2498,1985,1.25843765318002,1,0,0,0,0,0,0,0,0,1,1
TV,245.283,25683,22724,2959,7.67961889840524,1,0,0,0,0,0,0,1,1,0,1
TV,246.3639,16469,13520,2949,4.58460339620095,1,0,0,0,0,0,0,4,1,3,1
TV,4.0064,656,204,452,0.451326435118506,1,0,0,0,0,0,0,0,0,0,1
TV,240.8758,11522,9217,2305,3.99869674676931,1,0,0,0,0,0,0,1,1,0,1
TV,4.0075,656,204,452,0.451326435118506,1,0,0,0,0,0,0,0,0,0,1
TV,4.0062,656,204,452,0.451326435118506,1,0,0,0,0,0,0,0,0,0,1
watch,583.5846,16001,9693,6308,1.53661992127141,1,0,0,0,0,0,0,3,0,3,1
watch,108.6134,8278,6135,2143,2.86280781016901,1,0,0,0,0,0,0,0,0,3,1
watch,143.4299,14557,7626,6931,1.10027397197028,0,0,0,0,0,0,0,9,0,0,0
watch,1095.7108,14437,10432,4005,2.60474341953972,1,0,0,0,0,0,0,3,0,3,1
watch,246.3539,11913,9296,2617,3.55215760330241,1,0,0,0,0,0,0,4,0,3,1
watch,11.0706,2799,969,1830,0.529507907372728,1,0,0,0,0,0,0,0,0,0,1
watch,12.1762,9502,6112,3390,1.80294932066392,1,0,0,0,0,0,0,1,0,3,1
watch,835.0351,53886,39059,14827,2.63431559760467,1,0,0,0,0,0,0,11,0,3,1
watch,1729.372,1611,776,835,0.929340204382989,0,0,0,0,0,0,0,0,0,0,0
watch,3201.7722,519288,498750,20538,24.2842523963262,0,0,0,0,0,0,0,8,0,0,0
watch,121.37,85688,81528,4160,19.5980722120019,1,0,0,0,0,0,0,1,0,2,1
watch,244.359,19837,16218,3619,4.48134720051196,1,0,0,0,0,0,0,5,0,3,1
watch,301.1453,7914,5952,1962,3.03363759753435,1,0,0,0,0,0,0,1,0,3,1
watch,300.7623,7062,5166,1896,2.72468210723518,1,0,0,0,0,0,0,1,0,3,1
watch,146.7725,535070,518354,16716,31.0094501669389,1,0,0,0,0,0,0,8,1,3,1
watch,300.9938,5147,1982,3165,0.626224130734872,1,0,0,0,0,0,0,2,0,0,1
watch,246.7814,5528,2232,3296,0.677184260563028,1,0,0,0,0,0,0,5,0,0,1
watch,291.9781,4130034,4007093,122941,32.5936259458307,1,0,0,0,0,0,0,13,2,3,1
watch,12.0795,7195,5272,1923,2.74154823632437,1,0,0,0,0,0,0,0,0,3,1
watch,243.8818,24959,9524,15435,0.617039156654412,1,0,0,0,0,0,0,6,0,3,1
watch,301.3458,7631,5618,2013,2.79085802739293,1,0,0,0,0,0,0,0,0,3,1
watch,243.6962,7352,4964,2388,2.07872609768589,1,0,0,0,0,0,0,4,0,3,1
watch,12.6894,7985,5910,2075,2.84819139846198,1,0,0,0,0,0,0,0,0,3,1
watch,1495.7374,1088503,1049391,39112,26.8304094183266,1,0,0,0,0,0,0,2,0,3,1
watch,1.0308,10547,5694,4853,1.17329462738623,1,0,0,0,0,0,0,1,0,3,1
watch,0.5286,4683,3935,748,5.26068815416022,1,0,0,0,0,0,0,0,0,3,1
watch,301.0156,3230,1239,1991,0.622300039025596,1,0,0,0,0,0,0,2,0,0,1
watch,122.038,86096,80865,5231,15.4588003328617,1,0,0,0,0,0,0,2,0,2,1
watch,0.0374,215,60,155,0.387094276811117,0,0,0,0,0,0,0,0,0,0,0
watch,120.501,81134,77033,4101,18.7839505525602,1,0,0,0,0,0,0,0,0,0,1
watch,300.7929,6943,5114,1829,2.79606189389727,1,0,0,0,0,0,0,1,0,3,1
watch,1491.3549,7306,5462,1844,2.96203743924217,1,0,0,0,0,0,0,1,0,3,1
watch,245.922,16210,7644,8566,0.892365060429015,1,0,0,0,0,0,0,5,0,3,1
watch,245.8456,8395,5554,2841,1.95494475362733,1,0,0,0,0,0,0,8,0,3,1
watch,0.9426,5744,4758,986,4.82555291526073,0,0,0,0,0,0,0,1,0,0,0
watch,241.2765,10360,5549,4811,1.15339822211635,1,0,0,0,0,0,0,2,0,3,1
watch,1484.5784,9941,2637,7304,0.361034999858297,1,0,0,0,0,0,0,2,0,0,1
watch,828.2335,1464,777,687,1.13100272052006,0,0,0,0,0,0,0,1,0,0,0
watch,354.7808,209905,188028,21877,8.59477951296889,1,0,0,0,0,0,0,4,0,3,1
watch,9.2509,6884,5162,1722,2.99767537881801,0,0,0,0,0,0,0,0,0,0,0
watch,300.6412,7011,4798,2213,2.16809662535173,1,0,0,0,0,0,0,0,0,3,1
watch,241.1687,8923,5682,3241,1.75316206320208,1,0,0,0,0,0,0,1,0,3,1
watch,302.0622,65793,60742,5051,12.025735096865,1,0,0,0,0,0,0,2,0,3,1
watch,242.1373,4653,2421,2232,1.08467693338847,1,0,0,0,0,0,0,2,0,0,1
watch,0.475,5027,4301,726,5.92423426414013,0,0,0,0,0,0,0,0,0,0,0
watch,251.8295,8415,5852,2563,2.28326091172028,1,0,0,0,0,0,0,2,0,3,1
watch,251.1508,8485,6080,2405,2.52806547689585,1,0,0,0,0,0,0,3,0,3,1
watch,1485.4558,7415,4986,2429,2.05269573787742,1,0,0,0,0,0,0,1,0,3,1
watch,301.4724,9007,5365,3642,1.47309130337965,1,0,0,0,0,0,0,4,0,3,1
watch,10034.3416,13232,8270,4962,1.66666633078067,0,0,0,0,0,0,0,6,0,0,0
watch,308.4032,10059,6610,3449,1.91649697985011,1,0,0,0,0,0,0,6,0,3,1
watch,40.9141,23385069,23022105,362964,63.4280670715882,1,0,0,0,0,0,0,81,19,3,1
watch,686.817,25110,15556,9554,1.62821837678267,1,0,0,0,0,0,0,0,0,3,1
watch,300.6839,15075,5575,9500,0.586842043490311,1,0,0,0,0,0,0,3,0,3,1
watch,1283.6289,222118,210798,11320,18.6217298037341,1,0,0,0,0,0,0,7,0,3,1
watch,1898.6754,8537,6316,2221,2.84376278984116,1,0,0,0,0,0,0,1,0,3,1
watch,580.9766,13832,8606,5226,1.64676585404404,0,0,0,0,0,0,0,6,0,0,0
watch,240.9559,13381,2579,10802,0.238752060845023,1,0,0,0,0,0,0,1,0,0,1
watch,241.1708,10196,1694,8502,0.199247212509149,1,0,0,0,0,0,0,1,0,0,1
watch,1224.379,17024,10432,6592,1.5825240317773,1,0,0,0,0,0,0,8,0,3,1
watch,465.0504,40459,26998,13461,2.00564579112653,1,0,0,0,0,0,0,14,0,3,1
watch,7224.6789,7172,1622,5550,0.292252199594198,1,0,0,0,0,0,0,6,0,0,1
watch,245.1306,17418,8162,9256,0.881806300582725,1,0,0,0,0,0,0,6,0,3,1
watch,10.7697,7119,5164,1955,2.6414308739484,1,0,0,0,0,0,0,0,0,3,1
watch,240.828,8685,5244,3441,1.52397514560443,1,0,0,0,0,0,0,0,0,3,1
watch,302.3683,71048,67837,3211,21.1264337818643,1,0,0,0,0,0,0,2,0,3,1
watch,300.7791,7353,4977,2376,2.09469608809087,1,0,0,0,0,0,0,3,0,3,1
watch,240.6797,6768,4594,2174,2.11315450176886,1,0,0,0,0,0,0,0,0,3,1
watch,7109.8367,6850,5017,1833,2.73704160554195,1,0,0,0,0,0,0,5,0,3,1
watch,242.1489,4946,1890,3056,0.618455295008084,1,0,0,0,0,0,0,3,0,0,1
watch,1881.9611,11018,1628,9390,0.173375913378497,1,0,0,0,0,0,0,4,0,0,1
watch,1660.8499,10678,6868,3810,1.8026241987863,0,0,0,0,0,0,0,3,0,0,0
watch,241.8029,7846,6088,1758,3.46302419623197,1,0,0,0,0,0,0,2,0,3,1
watch,0.0307,157,60,97,0.618550324223462,0,0,0,0,0,0,0,0,0,0,0
watch,241.0443,7026,5080,1946,2.61048170067744,1,0,0,0,0,0,0,1,0,3,1
watch,0.0921,215,60,155,0.387094276811117,0,0,0,0,0,0,0,0,0,0,0
watch,240.7503,6396,4727,1669,2.83223317421619,1,0,0,0,0,0,0,0,0,3,1
watch,241.732,7420,5653,1767,3.19920588613136,1,0,0,0,0,0,0,2,0,3,1
watch,6926.3954,7255,4778,2477,1.9289455272727,1,0,0,0,0,0,0,3,0,3,1
watch,399.9339,15614,9803,5811,1.68697269196822,1,0,0,0,0,0,0,8,0,3,1
watch,245.4255,6981,5384,1597,3.37131911626856,1,0,0,0,0,0,0,5,0,3,1
watch,4075.2783,54412,36432,17980,2.02625127773908,0,0,0,0,0,0,0,10,0,0,0
watch,300.8773,5148,1903,3245,0.586440497244839,1,0,0,0,0,0,0,4,0,0,1
watch,4873.9355,8077,6251,1826,3.42332780759704,1,0,0,0,0,0,0,1,0,3,1
watch,883.7384,23071,14125,8946,1.57891777566311,0,0,0,0,0,0,0,10,0,0,0
watch,300.9446,4901,1661,3240,0.512654162761061,1,0,0,0,0,0,0,1,0,0,1
watch,1484.3881,16326,5937,10389,0.571469768844954,1,0,0,0,0,0,0,2,0,3,1
watch,504.1575,9820,7114,2706,2.62897168182865,1,0,0,0,0,0,0,3,0,3,1
watch,120.9516,82056,77943,4113,18.9503965595924,1,0,0,0,0,0,0,1,0,0,1
watch,2.1771,10568,7346,3222,2.27994963378348,1,0,0,0,0,0,0,1,0,3,1
watch,302.1697,41376,6913,34463,0.20059193336065,1,0,0,0,0,0,0,1,0,3,1
watch,191.4654,213714584,210863813,2850771,73.967292681886,1,0,0,0,0,0,0,259,693,3,1
watch,827.6927,56702,35369,21333,1.65794770271656,0,0,0,0,0,0,0,12,0,0,0
watch,241.0966,8055,4760,3295,1.44461261165019,1,0,0,0,0,0,0,0,0,3,1
watch,338.9747,35844,12698,23146,0.548604486796661,1,0,0,0,0,0,0,6,0,3,1
watch,250.1856,212053,202036,10017,20.1693101558041,1,0,0,0,0,0,0,0,1,3,1
watch,300.6818,7749,5364,2385,2.24905566077331,1,0,0,0,0,0,0,3,0,3,1
watch,300.9433,7091,5336,1755,3.04045410800336,1,0,0,0,0,0,0,0,0,3,1
watch,244.8219,7882,5789,2093,2.76588496613236,1,0,0,0,0,0,0,5,0,3,1
watch,248.6685,209972,197919,12053,16.4207237682964,1,0,0,0,0,0,0,2,0,3,1
